7 grain cereals,tblsp
7 grains bread,loaf
Adyghe cheese,g
Aladushkin flour,g
Albuhara,pcs
Alchermes liqueur,g
Amaretti cookies,g
Amaretto liqueur,g
Antonovka apples,kg
Arabic flatbreads,pcs
Armenian lavash,g
Austria blue cheese,g
BBQ sauce,g
Baileys liqueur,g
Birnelle,ml
Borodino bread,pc
Brazil nuts,g
Brioche buns,pcs
Brussels sprouts,g
Burrata,g
Buryak,g
Cajun spice mix,tblsp
Calvados,g
Camembert,packaging
Campari,ml
Chechil spaghetti,g
Chinese cabbage,g
Chinese salad,g
Chinese vegetable mixture,g
Coca-Cola,tblsp
Cointreau liqueur,g
Creole seasoning,tblsp
Danish rye bread,g
Darjeeling tea,bag
Demerara sugar,g
Dijon mustard,g
Dijon mustard with honey,g
Ditaloni pasta,g
Djugas cheese,g
Dorblu cheese,g
Dried lingonberries,g
Dutch cheese,g
Dzhusai,g
Extra virgin olive oil,g
French mustard,g
Gala apples,g
Gelatin mastic,g
Gigli pasta,g
Goya cheese,g
Grana Padano,tblsp
Greek yogurt,g
Guryev porridge,g
Havarti cheese,g
Himalayan salt,g
Imeretian cheese,g
Imeretian saffron,g
Indian duck,pcs
Iranian dates,g
Isabella grapes,kg
Italian herbs,g
Italian parsley,bunch
Italian salami,g
Italian tomato sauce,g
Italica rice,g
Jamaican pepper,g
Japanese babe panko,g
Jerusalem artichoke,g
Jerusalem artichoke syrup,glassful
Jubilee milk cookies,g
Kahlua coffee liqueur,ml
Kalamata olives,g
Kalinji seeds,tsp
Kenyan beans,handful
Kirsch,tblsp
Korean carrots,g
Korovka candies,g
Krasnodar sauce,g
Kuban rice,g
Ladyfinger cookies,g
M&M's candies,g
Maasdam,g
Maccheroncini,g
Madera,g
Manitoba flour,g
Martini red,g
Mascarpone cheese,g
Melissa,G
Nam Pla fish sauce,g
Oreo cookies,g
Panifarin,g
Parma ham,g
Persian lavash round,g
Philadelphia cheese,g
Provence herbs,g
Riga black balsam,tblsp
Risoni pasta,g
Rooibos tea,tblsp
Roquefort,g
Russian cheese,g
Russian mustard,tblsp
Ryazhenka(baked yogurt),g
Ryazhenka(baked yogurt) 4%,g
Savoiardi cookies,g
Schisandra berries,g
Senegalese pepper,to taste
Serbian cheese,g
Shiitake mushrooms,g
Short grain rice,g
Sichuan pepper,g
Soviet champagne,glassful
Spanish hot pepper,pcs
St. John's wort,to taste
Suluguni,g
Svan salt,g
Swiss cheese,g
Tagliolini,g
Thai basil,handful
Thai eggplants,g
Thai fish sauce,g
Tilsiter,g
Truffle candies,g
Tuscan ketchup,tblsp
Utskho-Suneli,g
Vegemite paste,g
Worcestershire sauce,g
acacia honey,g
adjika green,g
adzhika,g
agar-agar,g
agave syrup,g
agram,g
alcohol,glassful
alcohol,g
ale,ml
algae,g
allspice,pinch
allspice peas,g
almehi,g
almond essence,g
almond extract,drop
almond flour,g
almond liqueur,g
almond mass,g
almond milk,g
almond oil,g
almond paste,g
almond petals,g
almond praline,g
almond syrup,g
almonds,g
amaranth flour,g
anchovies,g
anise,to taste
anise liqueur,ml
anise seeds,g
aniseed vodka,tsp
apple cider vinegar,g
apple crisps,glassful
apple essence,tsp
apple jam,g
apple juice,g
apple preseve,g
apple puree,g
apple sauce,tblsp
apple syrup,tblsp
apples,g
applesauce,g
apricot,g
apricot jam,g
apricot juice,glassful
apricot puree,g
apricots,g
arborio rice,g
argan oil,g
arishta,g
aromatic herbs,g
artichokes,g
artichokes in oil,g
arugula,g
ashi,g
asparagus,kg
aspirin,pcs
assorted berries,g
assorted fruit,g
assorted meats,g
assorted vegetables,g
avocado,to taste
avocado oil,g
ayran,g
baby food,g
bacon,to taste
bagels,g
baguette,g
baked duck,g
baked milk,g
baked potatoes,g
baking flour,g
baking powder,g
baking powder,tsp
balm,g
balsamic cream,glassful
balsamic sauce,tblsp
balsamic vinegar,glassful
balyk,g
banana crisps,handful
banana green syrup,ml
banana liqueur,ml
banana puree,g
bananas,g
barberry,g
barley,g
barley flakes,g
basmati rice,g
basturma,g
baths,pcs
bavette pasta,g
bay leaf,g
bean sprouts,g
beans,g
beef,g
beef brisket,kg
beef casings,g
beef heart,to taste
beef liver,pcs
beef lungs,g
beef neck,kg
beef pulp,kg
beef ribs,g
beef shanks,g
beef shoulder,g
beef steaks,g
beef tenderloin,pcs
beef tongue,g
beefsteak,pcs
beer,g
beet leaves,g
beet tops,g
beets,g
bell pepper,g
bergenia,star
berries,g
berry jam,tblsp
berry jelly,g
berry juice,g
berry syrup,g
bird cherry,g
bird cherry flour,g
biscuit,g
biscuit cookies,g
biscuit crumbs,g
biscuits,g
biscuits,pcs
bisquick mixture ready,pouch
black bean sauce,tblsp
black bitter chocolate 70%,g
black bitter chocolate 85%,g
black caviar,g
black coffee,g
black currant,g
black eye beans,g
black food colouring,g
black glaze,to taste
black grapes,g
black molasses (molasses),g
black olives,to taste
black pepper,tblsp
black peppercorns,to taste
black radish,pcs
black raisins,g
black sesame,tsp
black tea,g
black tea with spices,pouch
black truffle,pcs
blackberry,g
blackcurrant jam,g
blackcurrant preserveа,g
blood,ml
blood orange juice,ml
blood sausage,g
blue cheese,g
blue grapes,g
blueberries,g
blueberry,g
blueberry jam,glassful
boiled asparagus beans,g
boiled beets,g
boiled carrots,g
boiled chestnuts,g
boiled chicken,g
boiled chicken breasts,g
boiled condensed milk,tblsp
boiled egg yolks,pcs
boiled ham,g
boiled lentils,tblsp
boiled pork,g
boiled potatoes in jackets,g
boiled red beans,glassful
boiled rice,g
boiled sausage,g
boiled squid,g
boiled trout,g
boiled veal,g
boiled-smoked bacon,g
boiled-smoked brisket,g
boiled-smoked cervelat,g
boiled-smoked ham,pc
boiled-smoked ham,g
boiled-smoked pork knuckle,g
boiled-smoked pork shoulder,g
boiled-smoked sausage,g
boiling water,g
bone-in beef,g
bone-in meat,kg
bone-in pork loin,g
bone-in pork patties,pcs
bone-in tenderized lamb chops,pcs
bone-in tenderized pork cutlets,g
bone-in tenderized veal cutlets,pcs
boneless lamb leg,g
bones,g
botarga,g
bouillon cubes,g
bouquet garni,bunch
bourbon,g
bow pasta,g
bran,g
brandy,g
bread,g
bread crumbs,g
bread kvass,g
bread mix 8 grains,g
breadcrumbs,g
breakfast dry pads,g
bresaola,g
brie cheese,g
brine,g
brisket,g
broth,g
brown and wild rice mixture,g
brown rice,g
brown sugar,g
brown tomatoes,g
bucatini pasta,g
buckwheat,g
buckwheat flakes,g
buckwheat flour,g
buckwheat honey,g
buckwheat milk,glassful
buckwheat soba noodles,g
buko cheese,g
bulgur,g
bun,pc
buns,g
buns with sesame seeds,pcs
butter,g
butter bun,g
butterfly pasta (farfalle),g
butterfly pasta (farfalle) mini,g
buttermilk,g
cabbage pickle,g
cake mix,pcs
calcium chloride,g
calf liver,g
cancerous necks,g
candied citron fruits,handful
candied citrus fruits,pcs
candied confectionery cherries,pcs
candied fruits,g
candied ginger,tblsp
candied ginger,g
candied lemon peel,g
candied lemon peels,g
candied orange peels,g
candied tangerine,g
candied violets,pcs
cane sugar,g
canned apricots,g
canned beans,g
canned champignons,g
canned chestnuts,g
canned chickpeas,g
canned corn,g
canned cucumbers,pcs
canned fish,jar
canned fish,g
canned fruits,g
canned green beans,g
canned green olives,jar
canned green peas,g
canned mango,g
canned octopus,g
canned olives,g
canned papaya in own juice,g
canned peaches,g
canned pineapples,to taste
canned pitted cherries,tblsp
canned red beans,g
canned saury,jar
canned squid,g
canned straw mushrooms,pcs
canned tomatoes,g
canned tomatoes in local juice with basil,g
canned tuna,g
canned white beans,g
cannelloni,g
capelin,g
capelin caviar,g
capellini,g
caper brine,tblsp
capers,g
capers in wine vinegar,g
cappuccino,g
carambola,g
caramel,ml
caramel pudding,g
caramel sauce,g
caramel with filling,g
carbonate,g
carbonated mineral water,g
cardamom,g
cardamom grains,tsp
cardamom pods,pcs
carnaroli rice,g
carob,g
carp,g
carp fillet,kg
carrot puree,g
carrots,g
cashew,g
catfish,g
catfish fillet,g
cauliflower,g
caviar,g
cayenne pepper,g
cedar flour,g
celery,g
celery greens,g
celery root,g
celery salt,g
celery seeds,tsp
celery stalks,g
cereal buns,pcs
cereal flakes,g
champagne,g
champignons,to taste
chanterelles,g
char fillet,pcs
chard,g
cheddar,g
cheese,g
cheese cottage,g
cheese slices,g
cherry,g
cherry flavouring,drop
cherry food colouring,pinch
cherry jam,g
cherry juice,g
cherry leaves,g
cherry liqueur,to taste
cherry plum,g
cherry preserve,g
cherry pureed with sugar,g
cherry syrup,glassful
cherry tincture,ml
cherry tomatoes,g
chestnut cream,g
chestnut flour,g
chestnuts,g
chewing licorice candies,g
chia seeds,g
chicken,g
chicken bones,g
chicken breasts,g
chicken broth,g
chicken carcass,g
chicken carpaccio,g
chicken drumsticks,g
chicken eggs,g
chicken fillet,g
chicken for frying,kg
chicken giblets,g
chicken gizzards,pcs
chicken ham,g
chicken hearts,g
chicken legs,g
chicken liver,g
chicken pate,g
chicken skin,g
chicken soup set,kg
chicken thighs,g
chicken wings,g
chickens,g
chickpea flour,g
chickpeas,g
chicory,tsp
chili pepper,g
chili pepper flakes,to taste
chili sauce,g
chives,to taste
chives,stem
chocolate,g
chocolate balls from ready-made breakfasts,handful
chocolate bars,g
chocolate butter,g
chocolate candies,g
chocolate cookies,g
chocolate covered coffee beans,g
chocolate crisps,g
chocolate drops,g
chocolate flakes,g
chocolate ice cream,ml
chocolate liqueur,g
chocolate mastic,g
chocolate paste,g
chocolate peas,g
chocolate sauce,g
chocolate sponge cake,g
chocolate syrup,g
chocolate wafers,g
chocolate with nuts,g
chocolate-nut butter,g
chokeberry,g
chopped almonds,g
chopped greens,g
chopped lamb shank,g
chopped parsley,g
chopped pistachios,g
chopped walnuts,g
chorizo,g
chum salmon,g
ciabatta,pc
cider,g
cider vinegar,tblsp
cinnamon,g
citric acid,g
citrus mustard,g
clarified grape juice,tsp
clementines,g
cloudberry,g
cloves,g
coarse brown sugar,g
coarse salt,g
cocktail cherry,g
cocoa,handful
cocoa beans,g
cocoa butter,g
cocoa powder,to taste
coconut cream,g
coconut extract,g
coconut flakes,g
coconut flour,tblsp
coconut liqueur,tblsp
coconut milk,g
coconut oil,ml
coconut water,glassful
coconuts,g
cod,g
cod fillet,g
cod liver,g
coffee beans,glassful
coffee drink,ml
coffee extract,ml
coffee liqueur,g
coffee syrup,g
cognac,g
coho salmon,g
cola,g
cold boiled pork,g
cold smoked mackerel,g
cold smoked salmon,g
cold smoked sturgeon,g
cold smoked trout,g
coloured coconut flakes,g
compote,g
concentrated milk,g
condensed cocoa,jar
condensed milk,g
condensed milk with cocoa,g
confectionery beads,tsp
confectionery cream,g
confectionery sprinkles,to taste
confiture,to taste
cookies,to taste
cooking fat,g
coriander,g
coriander greens,g
coriander seeds,g
corn,g
corn (golden) syrup,g
corn crisps,g
corn flakes,g
corn flour,g
corn grits,g
corn oil,g
corn starch,to taste
corn sticks,g
corn tortillas,pcs
cottage cheese,g
cottage cheese 18%,g
cottage cheese 2%,g
cottage cheese 5%,g
cottage cheese 9%,g
couscous,g
cow marrowbone,pcs
crab meat,g
crab sticks,to taste
crabs,g
cracked barley,g
cracker,g
crackers,to taste
cranberries pureed with sugar,g
cranberry,g
cranberry jam,g
cranberry juice,tblsp
cranberry preserve,g
cranberry sauce,g
cranberry syrup,g
crayfish,pcs
crayfish necks in brine,g
cream,packaging
cream 10-20%,g
cream 15%,g
cream 20%,g
cream 33-35%,g
cream cheese,g
cream liqueur,g
cream margarine,g
cream of tartar,pinch
creme fraiche,g
creme liqueur,g
crisps,g
croissants,to taste
croutons,g
crucian carp,g
crumb crumbs,g
crumbly cookies,g
cucumber pickle,glassful
cucumbers,g
cumin,g
curd cheese,g
curd cheeses,g
curd mass,g
curd paste,g
curdled milk,g
curly lettuce,g
currant,tblsp
currant leaves,g
curry,g
curry leaves,g
curry paste,packet
custard cream,g
cuttlefish,g
cuttlefish ink,g
daikon,g
dairy products,g
dandelions,g
dark beer,can
dark chocolate with orange zest,g
dark dark chocolate,g
dark dark chocolate 75%,tsp
dark malt,g
dark rum,g
dates,g
dessert wine,g
devzira rice,g
dill,g
dill seed,tsp
dogwood,g
dolma,g
dorada,pcs
dorada carcass,pcs
dorada with head,pcs
dove,g
dragee,g
dragon fruit,pcs
dried apples,g
dried apricots,to taste
dried barberry,tblsp
dried basil,g
dried berries,to taste
dried celery root,to taste
dried chamomile,g
dried chanterelles,g
dried cherries,g
dried cilantro,g
dried cranberries,g
dried currants,g
dried dill,g
dried figs,g
dried fish caviar,g
dried fruits,g
dried garlic,g
dried lavender,pinch
dried marjoram,g
dried mint,g
dried morels,g
dried mulberries,g
dried mushrooms,g
dried onion,g
dried oregano,g
dried parsley,g
dried peaches,handful
dried pears,g
dried pineapples,g
dried prunes,g
dried raspberries,g
dried rose buds,g
dried rosemary,to taste
dried sage,leaf
dried sea cabbage,g
dried shiitake mushrooms,g
dried shrimps,g
dried strawberries,g
dried sweet pepper,g
dried tarragon,sprig
dried thyme,g
dried tomatoes flakes,g
dried tropical fruits,to taste
dry breakfast,g
dry champagne,tblsp
dry chili pepper,tblsp
dry cookies,g
dry herbs,g
dry jelly,g
dry kvass concentrate,packaging
dry mustard,g
dry red wine,g
dry sparkling wine,g
dry vermouth,g
dry white bread,g
dry white mushrooms,g
dry white wine,g
dry yeast,to taste
drying,g
duck,to taste
duck breast,g
duck carcass,carcass
duck fillet,g
duck legs,to taste
duck liver,g
duck thighs,g
dumpling dough,g
dumplings,g
ear pasta (orecchiette),g
earl gray tea,glassful
early tkemali sauce,tblsp
edam,g
eel,g
egg melange,g
egg noodles in nests,pcs
egg powder,tblsp
egg vermicelli,g
egg whites,g
egg yolks,g
eggnog,glassful
eggplant,to taste
elderberry syrup,tblsp
elk meat,kg
emmental,g
escalope,g
espresso coffee,glassful
eternal leaven,g
exotic sauce,g
fat,g
fat cottage cheese,g
fat tail fat,g
fat-free cocoa powder,g
feijoa,g
fennel,g
fennel seeds,g
fennel seeds ground,g
fenugreek,g
fenugreek seeds,g
fermented milk drink Tan,ml
fern,g
festoonate,g
feta,g
feta cheese,to taste
fetaki,g
fetax,g
fettuccine,g
figs,g
fine granulated sugar,g
fish,g
fish bones,g
fish broth,g
fish fillet,g
fish sauce,g
fish trimmings heads fins,to taste
fish-salt,carcass
flakes 4 cereals,g
flakes 5 cereals,g
flatbread,g
flavouring,g
flax seeds,g
flaxseed,g
flaxseed flour,g
flounder,g
flounder fillet,g
flour,g
flour 1 grade,g
flour 2nd grade,g
flour with bran,tsp
flour with seeds,g
flying fish roe,g
focaccia,to taste
fontina cheese,g
food colouring,g
food colouring gel,pcs
forest mushrooms,g
fortified wine,g
french beans,g
fresh basil,g
fresh bay leaves,pcs
fresh broccoli,g
fresh champignons,g
fresh cilantro,clove
fresh cucumbers,g
fresh dill,g
fresh figs,g
fresh green peas,g
fresh lake trout,pcs
fresh lingonberries,g
fresh mackerel,g
fresh marjoram,to taste
fresh mushrooms,g
fresh oregano,g
fresh pork sausage (salsiccia),pcs
fresh sage,bunch
fresh salmon,g
fresh salmon fillet,g
fresh sorrel,sprig
fresh spinach,g
fresh sprat,g
fresh thyme,to taste
fresh yeast,g
freshly brewed coffee,g
freshly ground black pepper,g
freshly ground pepper mixture,g
freshly ground white pepper,tblsp
freshly salted salmon,g
freshly squeezed citrus juice,ml
freshly squeezed orange juice,g
freshly squeezed pomegranate juice,ml
fried corn kikos,g
frisse salad,g
frozen Brussels sprouts,g
frozen berries,g
frozen blackberries,g
frozen blueberries,g
frozen broccoli,g
frozen cauliflower,g
frozen champignons,g
frozen cherries,g
frozen corn,g
frozen cranberries,g
frozen forest berries,g
frozen green beans,g
frozen green peas,g
frozen honey mushrooms,g
frozen lingonberries,g
frozen mushrooms,g
frozen mushrooms (honey mushrooms and boletus),g
frozen mussels,pcs
frozen plums,g
frozen porcini mushrooms,g
frozen potato hash,g
frozen raspberries,g
frozen sea buckthorn,g
frozen sea cocktail,g
frozen seaweed,g
frozen shrimp,g
frozen sorrel,g
frozen spinach,g
frozen squid,g
frozen strawberries,g
frozen vegetable mixture,g
frozen vegetable mixture for wok,g
frozen young beans,g
frozen zucchini,g
fructose,g
fruit,g
fruit juice,g
fruit juice without sugar,glassful
fruit syrup,g
fruit yoghurt,g
frying oil,g
full fat sour cream,g
full fat yogurt,g
funchose,g
galangal root,slice
ganache,g
garam masala,g
garlic,g
garlic oil,to taste
garlic powder,g
garlic salt,pinch
gazpacho,g
gelatin,g
gelling agent,packaging
gelling sugar,g
geranium leaves,g
ghee,g
gherkin chickens,pcs
gherkins,g
gigot,g
gin,g
ginger,g
ginger beer,ml
ginger cookies,to taste
ginger jam,g
ginger root,g
gingerbread,g
gingerbread dough,g
gingerbread spices,g
ginseng,g
glass noodles,g
glaze,g
glaze ready,to taste
glazed corn flakes,g
glucose,g
glucose syrup,g
gluten,g
goat liver,g
goat milk,g
goat yogurt,g
goji,g
golden apples,g
golden kandurin,tsp
golden rice,g
goose,g
goose carcass,kg
goose fat,tblsp
goose liver,g
gooseberries,g
gooseberry jam,jar
gorgonzola,g
gorgonzola picante,g
gouda cheese,g
grain cottage cheese,g
granite,g
granny smith apples,kg
granola with nuts,g
granular salmon caviar,g
granulated sugar,g
granulated sugar coarse,g
grape jelly,tblsp
grape juice,g
grape leaves,g
grape marshmallow,g
grape seed oil,g
grape snails,pcs
grapefruit juice,g
grapefruit zest,g
grapefruits,g
grapes,g
grappa,tsp
grated carrots,pcs
gratin,kg
graviera cheese,g
gray bread,g
green apples,g
green asparagus,g
green beans,g
green bell pepper,g
green buckwheat,tblsp
green chili pepper,pod
green coffee,g
green food colouring,tblsp
green lentils,g
green marzipan,g
green olives,to taste
green onion,g
green peas,g
green radish,pcs
green tea,bag
green tomatoes,kg
greens,g
grenades,g
grenadine,g
grill,g
grissini,g
ground allspice,g
ground almonds,g
ground barberry,g
ground beef,to taste
ground black pepper,g
ground cardamom,g
ground cayenne pepper,pinch
ground chili pepper,g
ground chipotle,pinch
ground cinnamon,g
ground cloves,to taste
ground coffee,tblsp
ground coriander,g
ground crackers,g
ground cumin,g
ground flaxseed,g
ground ginger,g
ground hot pepper,pinch
ground nutmeg,g
ground peperoncino,pinch
ground poppy seed,g
ground quinoa,g
ground red hot pepper,to taste
ground red paprika,g
ground red pepper,g
ground saffron,tsp
ground sweet red pepper,g
ground white pepper,g
gruyère,g
guanciale,g
guava,pcs
guinea fowl carcass,g
gutted cuttlefish,g
gutted sea bream with head,pcs
haddock,pcs
hake,g
hake fillet,g
halibut,g
halibut caviar,g
halibut fillet,pcs
halloumi,g
halva,g
ham,g
hamburger,g
hamburger buns,pcs
hard cheese,g
hard goat cheese,g
hare meat,g
harissa paste,tblsp
hazel grouse,g
hazelnut flour,g
hazelnuts,g
head lettuce,g
heavy cream,g
hemp oil,tblsp
hemp seeds,g
herring,g
herring fillet,g
hibiscus,g
homemade cheese,g
homemade mayonnaise,g
homemade sausages,pcs
homemade yeast,g
honey,g
honey mushrooms,to taste
honeysuckle,g
hops,tblsp
horseradish,g
horseradish pureed,g
horseradish with cream,g
hot green pepper,pcs
hot pepper,g
hot red pepper,g
hot sauce,g
hot smoked coho salmon fillet,g
hot smoked paprika,g
hot smoked salmon,g
hot smoked smelt,g
hot smoked trout,g
hunting sausages,g
ice,g
ice cream,to taste
ice cream ice cream,g
iceberg lettuce,g
icing,g
indica rice,g
instant cereal,glassful
instant coffee,g
instant oat flakes,g
instant polenta,glassful
intestines,g
irga,g
jacket popatoes,g
jalapeno pepper,g
jam,g
jam,packaging
jamon,g
japonica rice,g
jasmine rice,g
jasmine tea,tblsp
jelly,g
jelly for cake,packaging
juice,g
jumbo oats,g
juniper berries,g
kaffir lime leaves,to taste
kale cabbage,g
kataifi dough,g
kebab ketchup,g
kefalotyri cheese,g
kefir,to taste
kefir 1%,g
kefir 2.5%,g
kefir 3.2%,g
khmeli-suneli,g
kidney beans,g
kidneys,g
kimchi,g
king prawns,g
kiwano,g
kiwi,kg
kiwi jelly,g
knuckle,to taste
kohlrabi cabbage,g
krill meat,g
kumquats,handful
kvass,g
kvass wort,g
lady fish carcass,pcs
lagman noodles,packaging
lamb,g
lamb bone-in ham,pc
lamb entrecotes,kg
lamb liver,g
lamb loin,g
lamb offal,kg
lamb ribs,pcs
lamb rump,g
lamb shanks,pcs
lamb shoulder,kg
lamprey,g
langoustines,pcs
lard,g
lard with meat layers,g
large black mussels in shells,g
large carrots,g
large chicken eggs,g
large egg yolks,g
large oranges,pcs
large shell pasta,g
large-leaf black tea,tblsp
lavash,to taste
lavender,g
lavender dye,tsp
lavender honey,g
leaf gelatin,to taste
lean pork,g
lecho,g
leeks,handful
leg of lamb,g
lemon basil,g
lemon extract,g
lemon ice cream,to taste
lemon juice,g
lemon pepper,g
lemon thyme,sprig
lemon vinegar,g
lemon zest,g
lemonade,g
lemongrass (lemongrass),g
lemongrass stem,g
lemons,g
lentils,g
lettuce,g
light,g
light beer,g
light mayonnaise,g
lightly salted cucumbers,pcs
lightly salted herring,g
lightly salted salmon,g
lightly salted trout,g
lime,g
lime juice,g
lime leaves,pcs
lime zest,g
limoncello,g
lingonberry jam,g
lingonberry sauce,g
linguine,pcs
linseed oil,tsp
liqueur,g
liquid honey,g
liquid malt,g
liquid smoke,g
liver,g
loaf,g
lobster,g
long grain golden rice,g
long grain rice,g
longan,g
longkong,pcs
lovage,g
low-fat cottage cheese,g
low-fat kefir,g
low-fat sour cream,g
low-fat yogurt,g
lychee compote,g
lychees,pcs
macadamia nuts,g
macaroons,g
mackerel,to taste
mackerel,g
mackerel fillet,g
mafaldine,g
malt,tsp
malt extract,g
mango,to taste
mango chutney,g
mango syrup,ml
mangosteen,pcs
maple syrup,g
maraschino cherry,pcs
marble cheese,g
margarine,g
marinated artichokes,g
marinated champignons,g
marinated mushrooms,g
marinated white mushrooms,g
marjoram,g
marmalade,to taste
marrowbones,g
marsala,glassful
marshmallow,g
marshmallow cream,g
marshmallow mini,g
marshmallows,g
martini,g
marzipan,to taste
mascarpone,g
mashed potatoes,to taste
mashed tomatoes passata,g
mastic,g
matcha,g
matsoni,g
matzah,g
mayonnaise,g
mayonnaise Sloboda Light,g
mayonnaise Sloboda Olive,g
mayonnaise Sloboda Provençal,g
mayonnaise Sloboda Smetanny,g
mayonnaise Sloboda With lemon juice,g
mayonnaise Sloboda with quail eggs,g
mayonnaise sauce Sloboda Lenten,g
meal,g
meat,g
meat broth,g
meatballs,g
melon,g
meringue,g
meringues,pcs
microgreens,handful
milk,g
milk 0.5%,g
milk 1.5%,g
milk 2.5%,g
milk 3.2%,g
milk 3.6%,g
milk 4%,g
milk 6%,g
milk chocolate,g
milk mixture,g
milk powder,g
millet,g
millet flakes,tblsp
minced chicken,g
minced chicken sausages,pcs
minced fish,g
minced lamb,g
minced meat,g
minced meat (lamb and beef),g
minced meat (pork and chicken),g
minced pork,g
minced salmon,g
minced turkey,g
minced veal,g
mini baguette,g
mini bananas,g
mini corn,pcs
mini eggplants,g
mini mozzarella,g
mini octopuses,g
mint,g
mint chocolate,g
mint schnapps,g
mint syrup,g
mirin sauce,to taste
mirror carp,kg
miso paste,g
miso soup,packet
mixed wild and golden rice,g
molasses,g
monkfish,g
monosodium glutamate,g
mortadella,g
mozzarella,g
mozzarella ball large,g
mozzarella for baking,g
mozzarella for pizza,g
mozzarella with herbs,g
muesli,g
mulberry,g
mullet,g
multivitamin juice,ml
mung beans,g
muscat wine,g
muscovado sugar,handful
mushrooms,g
mussels,g
mussels in shells,g
mustard,g
mustard oil,g
mustard powder,g
mustard seeds,g
mustard with grains,g
nardek,g
narsharab sauce,g
natural yogurt,g
neck,g
nectarines,pcs
nettle,g
noble tkemali sauce,g
noodles,g
nori,g
nougat,g
nougat with nuts,g
nut butter,pcs
nut butter,tblsp
nut crumbs,glassful
nut liqueur,ml
nut sauce,tblsp
nutella,g
nutmeg,g
nuts,g
oak bark,g
oat bran,g
oat flakes,g
oat flour,g
oat grains,g
oat milk,glassful
oat pancakes,pcs
oatmeal,g
oatmeal cookies,g
octopus,g
oil seal,g
okra,g
olive brine,tblsp
olive mayonnaise,g
olive oil,g
olive paste,g
olives,g
olives stuffed with anchovies,g
onion,g
onion peel,g
onion powder,g
orange essence,tsp
orange extract,tsp
orange food colouring,g
orange jam,g
orange jam with ginger,g
orange juice,to taste
orange liqueur,g
orange powdered sugar,g
orange preserve,g
orange syrup,glassful
orange vinegar,tblsp
orange water,g
orange zest,g
oranges,g
oregano,g
orzo pasta,g
oxtail,g
oyster mushrooms,g
oyster sauce,tsp
oysters,g
padron pepper,g
pagr,g
palm oil,g
palm sugar,g
pancake flour,g
pancake mix,g
pancetta,g
paneer cheese,g
panettone,pcs
pangasius,g
papaya,g
pappardelle,g
paprika,g
parmesan,g
parsley,g
parsley greens,g
parsley root,g
parsnip,g
partridges,g
passion fruit,g
pasta,g
pasta dough,g
pasta dough for lasagna,g
pasta horns (pipe rigate),g
paste,g
pate,g
pea soup,g
pea sprouts,handful
peach jam,g
peach juice,g
peach marmalade,tblsp
peach puree,g
peach syrup,ml
peaches,g
peanut butter,g
peanuts,g
pear juice,g
pear liqueur,ml
pear puree,g
pear syrup,ml
pear vinegar,tblsp
pearl barley,g
pearl barley flour,g
pearl couscous,glassful
pearl sugar,g
pears,to taste
peas,g
pecans,g
peche mignon cheese,g
pecorino,g
pectin,g
peeled almonds,g
peeled chestnuts,g
peeled pistachios,g
peeled shrimps,g
peeled unsalted pistachios,handful
pelengas,g
penne,g
penne rigate,g
peperoncino,tsp
pepper,g
pepper paste,tsp
peppercorn mixture,g
peppercorns,g
pepperoni,g
perch,g
perch fillet,g
persimmon,g
pesto sauce,to taste
pheasant,g
phyllo dough,g
physalis,to taste
pickled capers,g
pickled chili pepper,to taste
pickled cucumbers,jar
pickled cucumbers,g
pickled gherkins,g
pickled ginger,g
pickled grape leaves,g
pickled honey mushrooms,g
pickled jalapeno pepper,pcs
pickled onion,g
pickled pepper,g
pickled red sweet pepper,pcs
pig,kg
pig ears,pcs
pike,g
pike fillet,g
pike perch caviar,g
pike perch fillet,g
pike perch fillet on skin,g
pine nut oil,g
pine nuts,g
pineapple flavouring,to taste
pineapple juice,g
pineapple syrup,g
pineapples,g
pink grapefruits,g
pink marzipan,g
pink peppercorns,g
pink petals,g
pink salmon,to taste
pink salmon fillet,g
pink salmon in own juice,jar
pinto beans,g
pistachio flour,g
pistachio oil,g
pistachio paste,g
pistachios,g
pita,to taste
pitted Iranian dates,pcs
pitted dates,glassful
pitted olives,g
pitted smoked prunes,g
pizza dough,pcs
pizza seasoning,tsp
plant milk,glassful
plum jam,g
plum liqueur,tblsp
plum paste,g
plum preserve,g
plum sauce,g
plum wine,g
plums,kg
polenta,to taste
pollen,g
pollock,g
pollock fillet,g
pollock liver,g
pomegranate juice,g
pomegranate paste,tblsp
pomegranate sauce,tsp
pomegranate seeds,g
pomegranate syrup,g
pomelo,g
popcorn,g
poppy,g
poppy seed,pack
porcini mushrooms,g
pork,g
pork belly,g
pork cheeks,pcs
pork chops,g
pork feet,g
pork fillet,g
pork flank,kg
pork head,g
pork heart,g
pork knuckle,to taste
pork liver,g
pork loin,g
pork lungs,g
pork neck,pc
pork pulp,g
pork ribs,g
pork tenderloin,g
pork tongue,g
pork with fat,g
porridge,g
porridge for baby food,g
port,g
portobello,g
potato broth,g
potato crisps,g
potato flakes,g
potato gnocchi,g
potato starch,g
potatoes,g
powdered custard cream,g
powdered sugar,g
prickly pear fruits,g
processed cheese,g
processed chocolate cheese,g
prosciutto,g
prosecco,ml
provola cheese,g
provolone,g
prunes,g
prunes without pits,g
psyllium,g
ptitim,g
pudding,g
puff pastry,g
puff pastry without yeast,to taste
puff pastry yeast,kg
puffed rice balls,g
pumpkin,g
pumpkin puree,g
pumpkin seed oil,pcs
pumpkin seeds,g
puree,to taste
pureed viburnum,g
purple basil,g
purple food colouring,g
purslane,g
quail,carcass
quail eggs,g
quince,to taste
quince puree,g
quinoa,g
rabbit,g
rabbit carcass,g
rabbit fillet,g
rabbit liver,g
radicchio,pcs
radish,g
raisins,g
rambutan,g
rapana,g
rapeseed oil,to taste
raspberries,g
raspberries pureed with sugar,glassful
raspberry cream,g
raspberry flavour,drop
raspberry ice cream,g
raspberry jam,g
raspberry jelly,g
raspberry puree,g
raspberry sauce,tsp
raspberry syrup,tsp
raspberry tea,g
raspberry vinegar,ml
raw smoked bacon,g
raw smoked ham,g
raw smoked sausage,g
raw smoked sausages,pcs
ready dough,g
ready-made pancakes,g
ready-made salad dressing,g
red apples,pcs
red beans,g
red bell pepper,g
red cabbage,g
red caviar,g
red cayenne pepper,g
red chili pepper,pod
red currant,g
red currants pureed with sugar,tblsp
red fish,g
red fish fillet,g
red food colouring,g
red hot pepper,g
red hot sauce,g
red kidney beans,g
red lentils,g
red onion,to taste
red oranges,pcs
red paprika,tblsp
red pepper,g
red pepper flakes,pinch
red peppercorns,g
red pepperoni,pcs
red perch fillet,g
red rice,g
red shallots,pcs
red snapper fillet,pcs
red tea,g
red wine,g
red wine sauce,g
red wine vinegar,tsp
redcurrant jam,g
refined sugar,g
refined sugar with cinnamon,g
refined vegetable oil,g
regan,twig
rendered fat,glassful
rennet,tsp
rhubarb,g
ribeye beef steaks,g
rice,g
rice flakes,g
rice flour,g
rice for pilaf,g
rice for pudding,g
rice for risotto,g
rice milk,ml
rice noodles,g
rice paper,g
rice starch,tblsp
rice vinegar,to taste
rice wine,tsp
ricotta,g
ricotta firm,g
rigatoni,g
ripe persimmon,g
roast beef,g
roasted almonds,g
roasted peanuts,g
roasted pine nuts,g
romaine lettuce,g
roots,to taste
rose water,g
rosehip,g
rosehip syrup,g
rosemary,pcs
roses,g
rudd,pcs
ruff,g
ruff-nosar,pcs
rum,bottle
rum extract,tsp
rum flavouring,g
rutabaga,g
rye,g
rye bran,g
rye bread,g
rye buns,pc
rye crackers,g
rye flour,g
rye sourdough,g
saffron,g
saffron threads,pcs
sage,g
sake,tblsp
salad corn,bunch
salad dressing,to taste
salad mix,g
salad onion,pcs
salad shrimps,g
salami,g
salmon,g
salmon caviar,g
salmon fillet,g
salmon fillet on skin,g
salmon milk,g
salmon steak,pcs
salmon steak,g
salsa,g
salsa verde,tsp
salt,g
salted caramel,g
salted curd cheese,g
salted fern,packaging
salted herring,pcs
salted mushrooms,g
salted peanuts,g
salted red fish,g
salted salmon,g
salted tomatoes,pcs
salty cracker,g
sambal oelek sauce,tsp
sandwich bread,g
sandwich marmalade,g
sardines,g
sardines in oil,can
satsebeli sauce,g
sauce,g
sauerkraut,to taste
saury,g
sausage,g
sausage cheese,g
sausages,g
sausages for frying,g
savoury,g
savoy cabbage,g
scallops,kg
scamorza cheese,g
schnapps,g
sea bass,g
sea bass fillet,g
sea buckthorn,g
sea buckthorn syrup,glassful
sea cocktail,g
sea cocktail in oil,packaging
sea fish,g
sea kale,to taste
sea salt,g
sea tongue,g
seafood,pcs
seafood seasoning,to taste
seasoning 4 peppers,g
seasoning 5 spices (five spice),tsp
seasoning for chicken,g
seasoning for fish,g
seasoning for lamb,tblsp
seasoning for marinating pork,to taste
seasoning for meat,g
seasoning for paella,to taste
seasoning for pasta,to taste
seasoning for pilaf,g
seasoning for potatoes,g
seasoning for poultry,tblsp
seasoning with dried mushrooms,tsp
seasonings,g
seed mixture,tblsp
seedless grapes,g
seedless raisins,g
self-raising flour,g
semi-dry red wine,g
semi-dry rose wine,g
semi-dry white wine,g
semi-hard cheese,g
semi-smoked sausage,g
semi-sweet chocolate,g
semi-sweet red wine,g
semi-sweet rose wine,tblsp
semi-sweet white wine,g
semolina,g
sesame,g
sesame bread,pc
sesame flour,g
sesame oil,g
sesame paste,g
sesame seeds,to taste
shallots,g
shark steaks,g
sheep cheese,g
shell pasta (conchiglie rigate),g
shell pasta (conchiglie),g
shellfish,g
sherry,glassful
sherry vinegar,tsp
shirataki noodles,g
shortbread cookies,g
shortbread dough,to taste
shortening,glassful
shrimp,g
shrimp peeled in brine,g
side dish,g
silver confectionery beads,to taste
skim milk powder,tblsp
small croutons,g
small green mussels in shells,g
small onion,g
small pasta,g
small red fish caviar,g
small sardines,pcs
smelt,g
smoked bacon,g
smoked brisket,to taste
smoked cheese,g
smoked chicken,g
smoked chicken breasts,g
smoked chicken drumsticks,pcs
smoked chicken legs,g
smoked eel,g
smoked fish,g
smoked fish fillet,g
smoked goose breast,g
smoked ham,g
smoked lapsang souchong tea,g
smoked lard in pepper,g
smoked lard with meat layers,g
smoked meats,g
smoked mussels in oil,g
smoked paprika,tblsp
smoked pork knuckle,g
smoked pork loin,g
smoked salmon,g
smoked sausage,g
smoked sausages,g
smoked scamorza cheese,g
smoked suluguni,g
smoked sweet paprika,g
smoked turkey,g
snails,g
snow crab,to taste
snowball,l
soaked apples,pcs
soda,g
soft apples,g
soft blue cheese,g
soft cheese,to taste
soft cottage cheese,g
soft goat cheese,g
sole fillet,g
soup set,g
sour berry sauce,g
sour cherry,g
sour cream,g
sour cream 10%,g
sour cream 15%,tsp
sour cream 18%,g
sour cream 20%,g
sour cream 25%,g
sour cream 30%,g
sour cream 35%,g
sourdough,pouch
soy flour,g
soy milk,g
soy protein isolate,g
soy sauce,g
soybean,g
soybean oil,g
soybean sprouts,g
spaghetti,g
spaghetti No. 3,g
spaghetti No. 5,g
spaghetti lungi,g
spec,g
spelled,g
spelled,glassful
spelled flour,g
spices,g
spicy herbs with pepper,tsp
spicy ketchup,to taste
spicy mustard,g
spicy tomato sauce,g
spinach,g
spiral pasta (fusilli),g
spirulina powder,g
split peas,g
sponge cake,g
sponge roll,g
spongybone,g
sprat,g
sprats,g
sprats in oil,g
spread,g
sprouted mung beans,g
sprouted wheat flour,tblsp
squash,g
squid,g
squid fillet,pcs
stale white buns,g
star anise,g
star anise,pinch
star pasta,glassful
starch,g
starch syrup,g
steamed rice,g
steamed rice and wild mixture,g
stew,g
sticky buns,g
still mineral water,glassful
stracciatella,g
straw,g
strawberries,to taste
strawberries in syrup,g
strawberries pureed with sugar,g
strawberry,g
strawberry compote,glassful
strawberry curd,g
strawberry ice cream,g
strawberry jam,g
strawberry jelly,packaging
strawberry liqueur,g
strawberry puree,g
strawberry syrup,g
strong alcohol,tblsp
sturgeon,g
sugar,g
sugar confectionery decorations,handful
sugar cookies,g
sugar pearls,g
sugar substitute,to taste
sugar substitute stevia,g
sugar syrup,g
sumac,g
sun-dried tomatoes,to taste
sunfish fillet,pcs
sunflower halva,g
sunflower oil,g
sunflower seeds,g
sushi rice,g
sweet apples,g
sweet chili sauce,tsp
sweet cookies,g
sweet green pepper,g
sweet orange pepper,g
sweet paprika,g
sweet paprika flakes,tsp
sweet pepper,g
sweet potato,g
sweet red pepper,g
sweet red wine,g
sweet white wine,g
sweet yellow pepper,g
sweetie,g
sweets,to taste
swordfish,g
syrup,g
syrup from canned peaches,tblsp
syrup from canned pears,g
tabasco sauce,drop
table vinegar,g
tagliatelle,g
tagliatelle nests,pcs
tahini paste,g
tail fat,g
taleggio,g
tamarind,pcs
tamarind paste,tsp
tangerine juice,g
tangerine puree,g
tangerines,to taste
tangerines in their own juice,g
tapioca,g
tarragon,g
tartare,tblsp
tartlets,to taste
tempura flour,g
tenderized pork cutlets,g
tequila,glassful
teriyaki sauce,g
tete de moine cheese,g
thick rye sourdough,g
thick strawberry jam,ml
thickener for cream,g
thin lavash,layer
thyme,handful
thyme,g
tiger shrimps,g
tilapia,g
tilapia fillet,g
titanium dioxide,g
tkemali,g
tkemali sauce,glassful
toffee,g
tofu,g
tomato concentrate,g
tomato juice,g
tomato ketchup,g
tomato paste,g
tomato powder,g
tomato puree,g
tomato sauce,g
tomato sauce with basil,g
tomatoes,g
tomatoes canned in their own juice,g
tomatoes sun-dried in oil,g
tonic,bottle
tonka beans,pcs
tortiglioni,g
tortillas,to taste
transfer sheet for chocolate,pcs
trout,g
trout fillet,g
trout steaks,pcs
truffle,g
truffle crumbs,g
truffle oil,tblsp
tuna,to taste
tuna fillet,g
turkey,g
turkey breast,g
turkey carcass,pcs
turkey drumstick,g
turkey fillet,g
turkey liver,g
turmeric,g
turnip,g
ugurt,g
unfiltered beer,g
unleavened dough,g
unrefined vegetable oil,glassful
unripe spelled,g
vanilla essence,g
vanilla extract,to taste
vanilla halva,g
vanilla ice cream,g
vanilla in pods,g
vanilla instant pudding,packaging
vanilla powder,g
vanilla powdered sugar,g
vanilla pudding,g
vanilla sugar,g
vanilla syrup,g
vanilla tincture,tblsp
vanillin,g
veal,to taste
veal cheek,pcs
veal escalopes,g
veal schnitzels,pcs
veal tenderloin,g
vegetable broth,to taste
vegetable fat,g
vegetable mixture,g
vegetable oil,g
vegetable oil for frying,g
vegetables,g
venison,g
vermicelli,g
vermouth,g
viburnum,to taste
vinaigrette,g
vinegar,g
vinegar 9%,g
vinegar essence,g
viola rice,g
violet syrup,g
vitamin C powder,g
vodka,g
wafer crumbs,g
wafer rolls,g
waffle cakes,g
waffles,g
walnut oil,tblsp
walnuts,g
wasabi,g
water,g
watercress,g
watermelon pulp,g
watermelons,g
wheat,g
wheat bran,g
wheat cereal,g
wheat flakes,g
wheat flour,g
wheat germ,glassful
wheat sprouts,g
whey,g
whey protein,g
whine,g
whiskey,g
white asparagus,g
white beans,g
white bread,g
white bun,g
white cabbage,g
white chocolate,g
white chocolate drops,g
white chocolate glaze,g
white crackers,g
white fish,g
white fish fillet,g
white glaze,g
white grapes,g
white lima beans,g
white nutmeg,m
white onion,to taste
white pepper,g
white peppercorns,to taste
white radish,pcs
white raisins,g
white table wine,glassful
white turnip,pcs
white vermouth,g
white wine,to taste
white wine vinegar,g
whole grain bread,g
whole grain flour,g
whole grain wheat flour,g
whole grain wheat-rye bread,g
wholemeal flour,g
wild berries,g
wild boar meat,g
wild garlic,g
wild rice,g
wine vinegar,g
wine vinegar with garlic,tblsp
wine vinegar with tarragon,tblsp
wolffish fillet,g
wonton dough,g
yeast dough,to taste
yeast-free dough,g
yellow bell pepper,g
yellow cherry tomatoes,g
yellow food colouring,g
yellow mustard seeds,g
yellow tomatoes,pcs
yesterday's baguette,g
yesterday's buns,pcs
yogurt,g
young asparagus,g
young carrots,g
young garlic,g
young goat meat,kg
young grape leaves,pcs
young potatoes,g
young spinach,g
young zucchini,g
yuzu juice,ml
za'atar,pinch
za'atar seasoning,tsp
zander,g
zira,g
zucchini,g
zucchini flowers,pcs
